label,importance_type,feature_index,importance
cv_24h_fold1,patch_attention,0,0.3166585862636566
cv_24h_fold1,patch_attention,1,0.10825808346271515
cv_24h_fold1,patch_attention,2,0.1600387692451477
cv_24h_fold1,patch_attention,3,0.11711385846138
cv_24h_fold1,patch_attention,4,0.13811492919921875
cv_24h_fold1,patch_attention,5,0.15981575846672058
cv_24h_fold2,patch_attention,0,0.2390422374010086
cv_24h_fold2,patch_attention,1,0.1586080640554428
cv_24h_fold2,patch_attention,2,0.14617003500461578
cv_24h_fold2,patch_attention,3,0.21487583220005035
cv_24h_fold2,patch_attention,4,0.1331290900707245
cv_24h_fold2,patch_attention,5,0.10817475616931915
cv_24h_fold3,patch_attention,0,0.18370503187179565
cv_24h_fold3,patch_attention,1,0.11661433428525925
cv_24h_fold3,patch_attention,2,0.24646921455860138
cv_24h_fold3,patch_attention,3,0.11344490945339203
cv_24h_fold3,patch_attention,4,0.1578030288219452
cv_24h_fold3,patch_attention,5,0.1819634884595871
cv_168h_fold1,patch_attention,0,0.010617866180837154
cv_168h_fold1,patch_attention,1,0.019182238727808
cv_168h_fold1,patch_attention,2,0.007481152657419443
cv_168h_fold1,patch_attention,3,0.011861134320497513
cv_168h_fold1,patch_attention,4,0.02563643269240856
cv_168h_fold1,patch_attention,5,0.016284853219985962
cv_168h_fold1,patch_attention,6,0.07320233434438705
cv_168h_fold1,patch_attention,7,0.010308908298611641
cv_168h_fold1,patch_attention,8,0.026718702167272568
cv_168h_fold1,patch_attention,9,0.044137001037597656
cv_168h_fold1,patch_attention,10,0.025549063459038734
cv_168h_fold1,patch_attention,11,0.01101831067353487
cv_168h_fold1,patch_attention,12,0.030011765658855438
cv_168h_fold1,patch_attention,13,0.04998713359236717
cv_168h_fold1,patch_attention,14,0.025327423587441444
cv_168h_fold1,patch_attention,15,0.020143311470746994
cv_168h_fold1,patch_attention,16,0.026953481137752533
cv_168h_fold1,patch_attention,17,0.0236149150878191
cv_168h_fold1,patch_attention,18,0.019027428701519966
cv_168h_fold1,patch_attention,19,0.026402605697512627
cv_168h_fold1,patch_attention,20,0.033928364515304565
cv_168h_fold1,patch_attention,21,0.02154610864818096
cv_168h_fold1,patch_attention,22,0.034710243344306946
cv_168h_fold1,patch_attention,23,0.012641972862184048
cv_168h_fold1,patch_attention,24,0.022419298067688942
cv_168h_fold1,patch_attention,25,0.026356035843491554
cv_168h_fold1,patch_attention,26,0.00819549523293972
cv_168h_fold1,patch_attention,27,0.021709244698286057
cv_168h_fold1,patch_attention,28,0.01811709813773632
cv_168h_fold1,patch_attention,29,0.02290373668074608
cv_168h_fold1,patch_attention,30,0.02207905426621437
cv_168h_fold1,patch_attention,31,0.030215809121727943
cv_168h_fold1,patch_attention,32,0.018145466223359108
cv_168h_fold1,patch_attention,33,0.015870317816734314
cv_168h_fold1,patch_attention,34,0.017199240624904633
cv_168h_fold1,patch_attention,35,0.03348107635974884
cv_168h_fold1,patch_attention,36,0.014870245940983295
cv_168h_fold1,patch_attention,37,0.012226417660713196
cv_168h_fold1,patch_attention,38,0.03150196373462677
cv_168h_fold1,patch_attention,39,0.013782939873635769
cv_168h_fold1,patch_attention,40,0.01823076605796814
cv_168h_fold1,patch_attention,41,0.046403031796216965
cv_168h_fold2,patch_attention,0,0.024369988590478897
cv_168h_fold2,patch_attention,1,0.04103386774659157
cv_168h_fold2,patch_attention,2,0.03776763379573822
cv_168h_fold2,patch_attention,3,0.02385389246046543
cv_168h_fold2,patch_attention,4,0.015070606023073196
cv_168h_fold2,patch_attention,5,0.015287565998733044
cv_168h_fold2,patch_attention,6,0.02860865369439125
cv_168h_fold2,patch_attention,7,0.031102342531085014
cv_168h_fold2,patch_attention,8,0.01421266421675682
cv_168h_fold2,patch_attention,9,0.017632486298680305
cv_168h_fold2,patch_attention,10,0.027515586465597153
cv_168h_fold2,patch_attention,11,0.029785456135869026
cv_168h_fold2,patch_attention,12,0.013721024617552757
cv_168h_fold2,patch_attention,13,0.021163325756788254
cv_168h_fold2,patch_attention,14,0.022366855293512344
cv_168h_fold2,patch_attention,15,0.015029008500277996
cv_168h_fold2,patch_attention,16,0.010297495871782303
cv_168h_fold2,patch_attention,17,0.02808012254536152
cv_168h_fold2,patch_attention,18,0.010534029453992844
cv_168h_fold2,patch_attention,19,0.023053523153066635
cv_168h_fold2,patch_attention,20,0.014590750448405743
cv_168h_fold2,patch_attention,21,0.023824093863368034
cv_168h_fold2,patch_attention,22,0.0210230965167284
cv_168h_fold2,patch_attention,23,0.04448384791612625
cv_168h_fold2,patch_attention,24,0.03338783234357834
cv_168h_fold2,patch_attention,25,0.025530194863677025
cv_168h_fold2,patch_attention,26,0.010477222502231598
cv_168h_fold2,patch_attention,27,0.030154341831803322
cv_168h_fold2,patch_attention,28,0.01916547119617462
cv_168h_fold2,patch_attention,29,0.027769099920988083
cv_168h_fold2,patch_attention,30,0.029460029676556587
cv_168h_fold2,patch_attention,31,0.04708047956228256
cv_168h_fold2,patch_attention,32,0.014982934109866619
cv_168h_fold2,patch_attention,33,0.02296539396047592
cv_168h_fold2,patch_attention,34,0.014084543101489544
cv_168h_fold2,patch_attention,35,0.03538419306278229
cv_168h_fold2,patch_attention,36,0.029655124992132187
cv_168h_fold2,patch_attention,37,0.009477149695158005
cv_168h_fold2,patch_attention,38,0.037347570061683655
cv_168h_fold2,patch_attention,39,0.013524453155696392
cv_168h_fold2,patch_attention,40,0.004743732046335936
cv_168h_fold2,patch_attention,41,0.040402304381132126
cv_168h_fold3,patch_attention,0,0.024113746359944344
cv_168h_fold3,patch_attention,1,0.011068138293921947
cv_168h_fold3,patch_attention,2,0.017561282962560654
cv_168h_fold3,patch_attention,3,0.010100902058184147
cv_168h_fold3,patch_attention,4,0.022401921451091766
cv_168h_fold3,patch_attention,5,0.03408971428871155
cv_168h_fold3,patch_attention,6,0.02695963717997074
cv_168h_fold3,patch_attention,7,0.06724667549133301
cv_168h_fold3,patch_attention,8,0.06299847364425659
cv_168h_fold3,patch_attention,9,0.026806268841028214
cv_168h_fold3,patch_attention,10,0.023779094219207764
cv_168h_fold3,patch_attention,11,0.014969426207244396
cv_168h_fold3,patch_attention,12,0.02447596937417984
cv_168h_fold3,patch_attention,13,0.03770061209797859
cv_168h_fold3,patch_attention,14,0.021990207955241203
cv_168h_fold3,patch_attention,15,0.043394964188337326
cv_168h_fold3,patch_attention,16,0.04707419499754906
cv_168h_fold3,patch_attention,17,0.021344270557165146
cv_168h_fold3,patch_attention,18,0.014413614757359028
cv_168h_fold3,patch_attention,19,0.014739667996764183
cv_168h_fold3,patch_attention,20,0.026904573664069176
cv_168h_fold3,patch_attention,21,0.011056888848543167
cv_168h_fold3,patch_attention,22,0.018961958587169647
cv_168h_fold3,patch_attention,23,0.005261464975774288
cv_168h_fold3,patch_attention,24,0.04256097972393036
cv_168h_fold3,patch_attention,25,0.01983468607068062
cv_168h_fold3,patch_attention,26,0.011327438987791538
cv_168h_fold3,patch_attention,27,0.0196551363915205
cv_168h_fold3,patch_attention,28,0.035835180431604385
cv_168h_fold3,patch_attention,29,0.028274016454815865
cv_168h_fold3,patch_attention,30,0.014917480759322643
cv_168h_fold3,patch_attention,31,0.009353764355182648
cv_168h_fold3,patch_attention,32,0.030164608731865883
cv_168h_fold3,patch_attention,33,0.023114362731575966
cv_168h_fold3,patch_attention,34,0.013490593060851097
cv_168h_fold3,patch_attention,35,0.01847132481634617
cv_168h_fold3,patch_attention,36,0.015243920497596264
cv_168h_fold3,patch_attention,37,0.017200328409671783
cv_168h_fold3,patch_attention,38,0.014245625585317612
cv_168h_fold3,patch_attention,39,0.009304096922278404
cv_168h_fold3,patch_attention,40,0.02568145841360092
cv_168h_fold3,patch_attention,41,0.021911311894655228
cv_720h_fold1,patch_attention,0,0.0033846041187644005
cv_720h_fold1,patch_attention,1,0.008553190156817436
cv_720h_fold1,patch_attention,2,0.020522842183709145
cv_720h_fold1,patch_attention,3,0.0046048094518482685
cv_720h_fold1,patch_attention,4,0.04167556390166283
cv_720h_fold1,patch_attention,5,0.002913802396506071
cv_720h_fold1,patch_attention,6,0.005231523886322975
cv_720h_fold1,patch_attention,7,0.0019837443251162767
cv_720h_fold1,patch_attention,8,0.002902782754972577
cv_720h_fold1,patch_attention,9,0.009548596106469631
cv_720h_fold1,patch_attention,10,0.0041298652067780495
cv_720h_fold1,patch_attention,11,0.0028340660501271486
cv_720h_fold1,patch_attention,12,0.0031689321622252464
cv_720h_fold1,patch_attention,13,0.0064984471537172794
cv_720h_fold1,patch_attention,14,0.0029416910838335752
cv_720h_fold1,patch_attention,15,0.01872881129384041
cv_720h_fold1,patch_attention,16,0.006484099663794041
cv_720h_fold1,patch_attention,17,0.006390171125531197
cv_720h_fold1,patch_attention,18,0.005032223183661699
cv_720h_fold1,patch_attention,19,0.004993053153157234
cv_720h_fold1,patch_attention,20,0.0029409904964268208
cv_720h_fold1,patch_attention,21,0.0028201916720718145
cv_720h_fold1,patch_attention,22,0.003438464365899563
cv_720h_fold1,patch_attention,23,0.005656554829329252
cv_720h_fold1,patch_attention,24,0.002967002335935831
cv_720h_fold1,patch_attention,25,0.0038594906218349934
cv_720h_fold1,patch_attention,26,0.006955084856599569
cv_720h_fold1,patch_attention,27,0.004543385002762079
cv_720h_fold1,patch_attention,28,0.00670842919498682
cv_720h_fold1,patch_attention,29,0.015348267741501331
cv_720h_fold1,patch_attention,30,0.005974087864160538
cv_720h_fold1,patch_attention,31,0.0058625428937375546
cv_720h_fold1,patch_attention,32,0.007059920113533735
cv_720h_fold1,patch_attention,33,0.004159733187407255
cv_720h_fold1,patch_attention,34,0.007854952476918697
cv_720h_fold1,patch_attention,35,0.021775398403406143
cv_720h_fold1,patch_attention,36,0.005061033181846142
cv_720h_fold1,patch_attention,37,0.00807733740657568
cv_720h_fold1,patch_attention,38,0.0025643983390182257
cv_720h_fold1,patch_attention,39,0.0027367258444428444
cv_720h_fold1,patch_attention,40,0.00267647672444582
cv_720h_fold1,patch_attention,41,0.0023944485001266003
cv_720h_fold1,patch_attention,42,0.0037698266096413136
cv_720h_fold1,patch_attention,43,0.00254776980727911
cv_720h_fold1,patch_attention,44,0.0026272148825228214
cv_720h_fold1,patch_attention,45,0.002680540783330798
cv_720h_fold1,patch_attention,46,0.0023281536996364594
cv_720h_fold1,patch_attention,47,0.0026011019945144653
cv_720h_fold1,patch_attention,48,0.0030811233446002007
cv_720h_fold1,patch_attention,49,0.0028322525322437286
cv_720h_fold1,patch_attention,50,0.003296353854238987
cv_720h_fold1,patch_attention,51,0.002761827316135168
cv_720h_fold1,patch_attention,52,0.0029152152128517628
cv_720h_fold1,patch_attention,53,0.0021280809305608273
cv_720h_fold1,patch_attention,54,0.0028965796809643507
cv_720h_fold1,patch_attention,55,0.002547077601775527
cv_720h_fold1,patch_attention,56,0.003611224004998803
cv_720h_fold1,patch_attention,57,0.003339573508128524
cv_720h_fold1,patch_attention,58,0.004240692593157291
cv_720h_fold1,patch_attention,59,0.003929096274077892
cv_720h_fold1,patch_attention,60,0.002698203083127737
cv_720h_fold1,patch_attention,61,0.0029552539344877005
cv_720h_fold1,patch_attention,62,0.0032506186980754137
cv_720h_fold1,patch_attention,63,0.0026553822681307793
cv_720h_fold1,patch_attention,64,0.0025036835577338934
cv_720h_fold1,patch_attention,65,0.0022016316652297974
cv_720h_fold1,patch_attention,66,0.004452697467058897
cv_720h_fold1,patch_attention,67,0.0034860277082771063
cv_720h_fold1,patch_attention,68,0.005094124469906092
cv_720h_fold1,patch_attention,69,0.002568607684224844
cv_720h_fold1,patch_attention,70,0.00304536079056561
cv_720h_fold1,patch_attention,71,0.0034793526865541935
cv_720h_fold1,patch_attention,72,0.0023190458305180073
cv_720h_fold1,patch_attention,73,0.003675005165860057
cv_720h_fold1,patch_attention,74,0.0031076546292752028
cv_720h_fold1,patch_attention,75,0.0025344747118651867
cv_720h_fold1,patch_attention,76,0.004055544268339872
cv_720h_fold1,patch_attention,77,0.01893029175698757
cv_720h_fold1,patch_attention,78,0.012145825661718845
cv_720h_fold1,patch_attention,79,0.015220913104712963
cv_720h_fold1,patch_attention,80,0.002535330830141902
cv_720h_fold1,patch_attention,81,0.002578394953161478
cv_720h_fold1,patch_attention,82,0.003396126441657543
cv_720h_fold1,patch_attention,83,0.004160752985626459
cv_720h_fold1,patch_attention,84,0.004055705852806568
cv_720h_fold1,patch_attention,85,0.006026385817676783
cv_720h_fold1,patch_attention,86,0.005581498611718416
cv_720h_fold1,patch_attention,87,0.003943881951272488
cv_720h_fold1,patch_attention,88,0.010664294473826885
cv_720h_fold1,patch_attention,89,0.002606727182865143
cv_720h_fold1,patch_attention,90,0.004617159254848957
cv_720h_fold1,patch_attention,91,0.005601679906249046
cv_720h_fold1,patch_attention,92,0.0022478655446320772
cv_720h_fold1,patch_attention,93,0.009633740410208702
cv_720h_fold1,patch_attention,94,0.0029027359560132027
cv_720h_fold1,patch_attention,95,0.0024597994051873684
cv_720h_fold1,patch_attention,96,0.00217587617225945
cv_720h_fold1,patch_attention,97,0.013033358380198479
cv_720h_fold1,patch_attention,98,0.004337457939982414
cv_720h_fold1,patch_attention,99,0.0030976550187915564
cv_720h_fold1,patch_attention,100,0.004302937537431717
cv_720h_fold1,patch_attention,101,0.0035229914356023073
cv_720h_fold1,patch_attention,102,0.00246244203299284
cv_720h_fold1,patch_attention,103,0.002135329646989703
cv_720h_fold1,patch_attention,104,0.004521992057561874
cv_720h_fold1,patch_attention,105,0.015818748623132706
cv_720h_fold1,patch_attention,106,0.007344537414610386
cv_720h_fold1,patch_attention,107,0.007340819574892521
cv_720h_fold1,patch_attention,108,0.005964263807982206
cv_720h_fold1,patch_attention,109,0.0040304274298250675
cv_720h_fold1,patch_attention,110,0.0033033275976777077
cv_720h_fold1,patch_attention,111,0.005009251181036234
cv_720h_fold1,patch_attention,112,0.002498745685443282
cv_720h_fold1,patch_attention,113,0.0024337766226381063
cv_720h_fold1,patch_attention,114,0.003578229108825326
cv_720h_fold1,patch_attention,115,0.0023909101728349924
cv_720h_fold1,patch_attention,116,0.00260916561819613
cv_720h_fold1,patch_attention,117,0.00363486772403121
cv_720h_fold1,patch_attention,118,0.00727902352809906
cv_720h_fold1,patch_attention,119,0.008542300201952457
cv_720h_fold1,patch_attention,120,0.0029800827614963055
cv_720h_fold1,patch_attention,121,0.004699592478573322
cv_720h_fold1,patch_attention,122,0.002408155705779791
cv_720h_fold1,patch_attention,123,0.0022972971200942993
cv_720h_fold1,patch_attention,124,0.002809150144457817
cv_720h_fold1,patch_attention,125,0.0024432502686977386
cv_720h_fold1,patch_attention,126,0.0030552269890904427
cv_720h_fold1,patch_attention,127,0.002737208502367139
cv_720h_fold1,patch_attention,128,0.0028209646698087454
cv_720h_fold1,patch_attention,129,0.0032864855602383614
cv_720h_fold1,patch_attention,130,0.004532409831881523
cv_720h_fold1,patch_attention,131,0.003752480261027813
cv_720h_fold1,patch_attention,132,0.004127224441617727
cv_720h_fold1,patch_attention,133,0.0030913869850337505
cv_720h_fold1,patch_attention,134,0.007739011663943529
cv_720h_fold1,patch_attention,135,0.0036649839021265507
cv_720h_fold1,patch_attention,136,0.002901211380958557
cv_720h_fold1,patch_attention,137,0.004924064967781305
cv_720h_fold1,patch_attention,138,0.004732636734843254
cv_720h_fold1,patch_attention,139,0.03393809124827385
cv_720h_fold1,patch_attention,140,0.009437207132577896
cv_720h_fold1,patch_attention,141,0.012823536060750484
cv_720h_fold1,patch_attention,142,0.02158191241323948
cv_720h_fold1,patch_attention,143,0.015697430819272995
cv_720h_fold1,patch_attention,144,0.009124399162828922
cv_720h_fold1,patch_attention,145,0.003873306093737483
cv_720h_fold1,patch_attention,146,0.003061901777982712
cv_720h_fold1,patch_attention,147,0.0043586911633610725
cv_720h_fold1,patch_attention,148,0.0023392485454678535
cv_720h_fold1,patch_attention,149,0.00693078339099884
cv_720h_fold1,patch_attention,150,0.004818236920982599
cv_720h_fold1,patch_attention,151,0.009106967598199844
cv_720h_fold1,patch_attention,152,0.005816416349261999
cv_720h_fold1,patch_attention,153,0.0062353345565497875
cv_720h_fold1,patch_attention,154,0.005672705825418234
cv_720h_fold1,patch_attention,155,0.00364483124576509
cv_720h_fold1,patch_attention,156,0.0035192330833524466
cv_720h_fold1,patch_attention,157,0.005059545394033194
cv_720h_fold1,patch_attention,158,0.007955116219818592
cv_720h_fold1,patch_attention,159,0.005360143259167671
cv_720h_fold1,patch_attention,160,0.00392915029078722
cv_720h_fold1,patch_attention,161,0.00420452281832695
cv_720h_fold1,patch_attention,162,0.0037921066395938396
cv_720h_fold1,patch_attention,163,0.00368540920317173
cv_720h_fold1,patch_attention,164,0.004916453268378973
cv_720h_fold1,patch_attention,165,0.0032463069073855877
cv_720h_fold1,patch_attention,166,0.00268708448857069
cv_720h_fold1,patch_attention,167,0.0036253086291253567
cv_720h_fold1,patch_attention,168,0.0031714322976768017
cv_720h_fold1,patch_attention,169,0.004145609214901924
cv_720h_fold1,patch_attention,170,0.00876736082136631
cv_720h_fold1,patch_attention,171,0.0035125489812344313
cv_720h_fold1,patch_attention,172,0.0031151040457189083
cv_720h_fold1,patch_attention,173,0.006657423451542854
cv_720h_fold1,patch_attention,174,0.007624119520187378
cv_720h_fold1,patch_attention,175,0.005231487099081278
cv_720h_fold1,patch_attention,176,0.005390477366745472
cv_720h_fold1,patch_attention,177,0.00911136157810688
cv_720h_fold1,patch_attention,178,0.00696850148960948
cv_720h_fold1,patch_attention,179,0.014008713886141777
cv_720h_fold2,patch_attention,0,0.007265307009220123
cv_720h_fold2,patch_attention,1,0.006650448311120272
cv_720h_fold2,patch_attention,2,0.00439003249630332
cv_720h_fold2,patch_attention,3,0.004446430131793022
cv_720h_fold2,patch_attention,4,0.017180664464831352
cv_720h_fold2,patch_attention,5,0.015943732112646103
cv_720h_fold2,patch_attention,6,0.005241225939244032
cv_720h_fold2,patch_attention,7,0.0026557177770882845
cv_720h_fold2,patch_attention,8,0.004348650109022856
cv_720h_fold2,patch_attention,9,0.006230947561562061
cv_720h_fold2,patch_attention,10,0.00419460516422987
cv_720h_fold2,patch_attention,11,0.014045707881450653
cv_720h_fold2,patch_attention,12,0.004261266905814409
cv_720h_fold2,patch_attention,13,0.003962644375860691
cv_720h_fold2,patch_attention,14,0.003188667818903923
cv_720h_fold2,patch_attention,15,0.0037622542586177588
cv_720h_fold2,patch_attention,16,0.0037951443810015917
cv_720h_fold2,patch_attention,17,0.003901130286976695
cv_720h_fold2,patch_attention,18,0.004583597183227539
cv_720h_fold2,patch_attention,19,0.008397862315177917
cv_720h_fold2,patch_attention,20,0.004901381675153971
cv_720h_fold2,patch_attention,21,0.0034857611171901226
cv_720h_fold2,patch_attention,22,0.0033495575189590454
cv_720h_fold2,patch_attention,23,0.0063643199391663074
cv_720h_fold2,patch_attention,24,0.002664214465767145
cv_720h_fold2,patch_attention,25,0.0026003215461969376
cv_720h_fold2,patch_attention,26,0.012403804808855057
cv_720h_fold2,patch_attention,27,0.003285835264250636
cv_720h_fold2,patch_attention,28,0.005825647618621588
cv_720h_fold2,patch_attention,29,0.0031606287229806185
cv_720h_fold2,patch_attention,30,0.0068544368259608746
cv_720h_fold2,patch_attention,31,0.005907348357141018
cv_720h_fold2,patch_attention,32,0.0046546426601707935
cv_720h_fold2,patch_attention,33,0.004372991155833006
cv_720h_fold2,patch_attention,34,0.003400955116376281
cv_720h_fold2,patch_attention,35,0.003676421009004116
cv_720h_fold2,patch_attention,36,0.007043358404189348
cv_720h_fold2,patch_attention,37,0.003884693142026663
cv_720h_fold2,patch_attention,38,0.003624117001891136
cv_720h_fold2,patch_attention,39,0.003097230801358819
cv_720h_fold2,patch_attention,40,0.0038335048593580723
cv_720h_fold2,patch_attention,41,0.002386347623541951
cv_720h_fold2,patch_attention,42,0.007695241831243038
cv_720h_fold2,patch_attention,43,0.002958564320579171
cv_720h_fold2,patch_attention,44,0.002977482508867979
cv_720h_fold2,patch_attention,45,0.002580278553068638
cv_720h_fold2,patch_attention,46,0.0027294871397316456
cv_720h_fold2,patch_attention,47,0.0037512534763664007
cv_720h_fold2,patch_attention,48,0.0031001337338238955
cv_720h_fold2,patch_attention,49,0.003978055901825428
cv_720h_fold2,patch_attention,50,0.004735766910016537
cv_720h_fold2,patch_attention,51,0.002888113958761096
cv_720h_fold2,patch_attention,52,0.007996907457709312
cv_720h_fold2,patch_attention,53,0.0033838849049061537
cv_720h_fold2,patch_attention,54,0.003067032666876912
cv_720h_fold2,patch_attention,55,0.00657684076577425
cv_720h_fold2,patch_attention,56,0.004021032247692347
cv_720h_fold2,patch_attention,57,0.015070795081555843
cv_720h_fold2,patch_attention,58,0.007825961336493492
cv_720h_fold2,patch_attention,59,0.006657143589109182
cv_720h_fold2,patch_attention,60,0.00714914221316576
cv_720h_fold2,patch_attention,61,0.004796210210770369
cv_720h_fold2,patch_attention,62,0.004720428958535194
cv_720h_fold2,patch_attention,63,0.0048172431997954845
cv_720h_fold2,patch_attention,64,0.0031195473857223988
cv_720h_fold2,patch_attention,65,0.0031077649910002947
cv_720h_fold2,patch_attention,66,0.0034350582864135504
cv_720h_fold2,patch_attention,67,0.004224464297294617
cv_720h_fold2,patch_attention,68,0.008429578505456448
cv_720h_fold2,patch_attention,69,0.004042886197566986
cv_720h_fold2,patch_attention,70,0.00430753268301487
cv_720h_fold2,patch_attention,71,0.006086647976189852
cv_720h_fold2,patch_attention,72,0.005977382883429527
cv_720h_fold2,patch_attention,73,0.010254614986479282
cv_720h_fold2,patch_attention,74,0.0073369466699659824
cv_720h_fold2,patch_attention,75,0.00709379930049181
cv_720h_fold2,patch_attention,76,0.005162101238965988
cv_720h_fold2,patch_attention,77,0.013386589474976063
cv_720h_fold2,patch_attention,78,0.007433133665472269
cv_720h_fold2,patch_attention,79,0.021018603816628456
cv_720h_fold2,patch_attention,80,0.006851536221802235
cv_720h_fold2,patch_attention,81,0.0052434527315199375
cv_720h_fold2,patch_attention,82,0.005681904498487711
cv_720h_fold2,patch_attention,83,0.0033031266648322344
cv_720h_fold2,patch_attention,84,0.0142759894952178
cv_720h_fold2,patch_attention,85,0.006654705852270126
cv_720h_fold2,patch_attention,86,0.008259536698460579
cv_720h_fold2,patch_attention,87,0.014329275116324425
cv_720h_fold2,patch_attention,88,0.00870262086391449
cv_720h_fold2,patch_attention,89,0.002657165052369237
cv_720h_fold2,patch_attention,90,0.0026333732530474663
cv_720h_fold2,patch_attention,91,0.002965283580124378
cv_720h_fold2,patch_attention,92,0.00821838527917862
cv_720h_fold2,patch_attention,93,0.0028268923051655293
cv_720h_fold2,patch_attention,94,0.003160577965900302
cv_720h_fold2,patch_attention,95,0.007708915043622255
cv_720h_fold2,patch_attention,96,0.004295601975172758
cv_720h_fold2,patch_attention,97,0.007212578784674406
cv_720h_fold2,patch_attention,98,0.009067642502486706
cv_720h_fold2,patch_attention,99,0.007563510909676552
cv_720h_fold2,patch_attention,100,0.0103029515594244
cv_720h_fold2,patch_attention,101,0.009072470478713512
cv_720h_fold2,patch_attention,102,0.005612944718450308
cv_720h_fold2,patch_attention,103,0.008747546002268791
cv_720h_fold2,patch_attention,104,0.0033230558037757874
cv_720h_fold2,patch_attention,105,0.0062341406010091305
cv_720h_fold2,patch_attention,106,0.0043596369214355946
cv_720h_fold2,patch_attention,107,0.0026866833213716745
cv_720h_fold2,patch_attention,108,0.0027025260496884584
cv_720h_fold2,patch_attention,109,0.00252944091334939
cv_720h_fold2,patch_attention,110,0.002556460676714778
cv_720h_fold2,patch_attention,111,0.0031042282935231924
cv_720h_fold2,patch_attention,112,0.00242288107983768
cv_720h_fold2,patch_attention,113,0.0024494894314557314
cv_720h_fold2,patch_attention,114,0.0028397557325661182
cv_720h_fold2,patch_attention,115,0.004803088493645191
cv_720h_fold2,patch_attention,116,0.0055308048613369465
cv_720h_fold2,patch_attention,117,0.01089730765670538
cv_720h_fold2,patch_attention,118,0.01645698957145214
cv_720h_fold2,patch_attention,119,0.028982358053326607
cv_720h_fold2,patch_attention,120,0.018296554684638977
cv_720h_fold2,patch_attention,121,0.012593713589012623
cv_720h_fold2,patch_attention,122,0.00728665292263031
cv_720h_fold2,patch_attention,123,0.0070940786972641945
cv_720h_fold2,patch_attention,124,0.011071620509028435
cv_720h_fold2,patch_attention,125,0.0038634208030998707
cv_720h_fold2,patch_attention,126,0.0028867877554148436
cv_720h_fold2,patch_attention,127,0.002692173235118389
cv_720h_fold2,patch_attention,128,0.002435830654576421
cv_720h_fold2,patch_attention,129,0.0029375937301665545
cv_720h_fold2,patch_attention,130,0.0024428809992969036
cv_720h_fold2,patch_attention,131,0.0021396512165665627
cv_720h_fold2,patch_attention,132,0.002686823718249798
cv_720h_fold2,patch_attention,133,0.0025222767144441605
cv_720h_fold2,patch_attention,134,0.0032076698262244463
cv_720h_fold2,patch_attention,135,0.0024606874212622643
cv_720h_fold2,patch_attention,136,0.0027168989181518555
cv_720h_fold2,patch_attention,137,0.003086682176217437
cv_720h_fold2,patch_attention,138,0.003794129239395261
cv_720h_fold2,patch_attention,139,0.0031907435040920973
cv_720h_fold2,patch_attention,140,0.0034258083906024694
cv_720h_fold2,patch_attention,141,0.003829894820228219
cv_720h_fold2,patch_attention,142,0.00252724252641201
cv_720h_fold2,patch_attention,143,0.0028730130288749933
cv_720h_fold2,patch_attention,144,0.002483815886080265
cv_720h_fold2,patch_attention,145,0.007033373694866896
cv_720h_fold2,patch_attention,146,0.003182987216860056
cv_720h_fold2,patch_attention,147,0.007883498445153236
cv_720h_fold2,patch_attention,148,0.0030828239396214485
cv_720h_fold2,patch_attention,149,0.0028280075639486313
cv_720h_fold2,patch_attention,150,0.005183042958378792
cv_720h_fold2,patch_attention,151,0.003488090354949236
cv_720h_fold2,patch_attention,152,0.004784538876265287
cv_720h_fold2,patch_attention,153,0.004001313354820013
cv_720h_fold2,patch_attention,154,0.0036756384652107954
cv_720h_fold2,patch_attention,155,0.00611600698903203
cv_720h_fold2,patch_attention,156,0.003401640336960554
cv_720h_fold2,patch_attention,157,0.010700445622205734
cv_720h_fold2,patch_attention,158,0.003991715610027313
cv_720h_fold2,patch_attention,159,0.004228548612445593
cv_720h_fold2,patch_attention,160,0.0031051822006702423
cv_720h_fold2,patch_attention,161,0.0032120340038090944
cv_720h_fold2,patch_attention,162,0.00459965830668807
cv_720h_fold2,patch_attention,163,0.005538277793675661
cv_720h_fold2,patch_attention,164,0.0037333734799176455
cv_720h_fold2,patch_attention,165,0.0031014028936624527
cv_720h_fold2,patch_attention,166,0.0024203425273299217
cv_720h_fold2,patch_attention,167,0.004342622589319944
cv_720h_fold2,patch_attention,168,0.003879487281665206
cv_720h_fold2,patch_attention,169,0.0029548394959419966
cv_720h_fold2,patch_attention,170,0.004270048346370459
cv_720h_fold2,patch_attention,171,0.005748366471379995
cv_720h_fold2,patch_attention,172,0.0053664036095142365
cv_720h_fold2,patch_attention,173,0.005095863249152899
cv_720h_fold2,patch_attention,174,0.004364302847534418
cv_720h_fold2,patch_attention,175,0.004748505540192127
cv_720h_fold2,patch_attention,176,0.005711608566343784
cv_720h_fold2,patch_attention,177,0.005043543875217438
cv_720h_fold2,patch_attention,178,0.005627356003969908
cv_720h_fold2,patch_attention,179,0.004664422012865543
cv_720h_fold3,patch_attention,0,0.0031669787131249905
cv_720h_fold3,patch_attention,1,0.0027099407743662596
cv_720h_fold3,patch_attention,2,0.00639801099896431
cv_720h_fold3,patch_attention,3,0.005629340186715126
cv_720h_fold3,patch_attention,4,0.00855141319334507
cv_720h_fold3,patch_attention,5,0.012734712101519108
cv_720h_fold3,patch_attention,6,0.028387287631630898
cv_720h_fold3,patch_attention,7,0.015204472467303276
cv_720h_fold3,patch_attention,8,0.012605810537934303
cv_720h_fold3,patch_attention,9,0.011514603160321712
cv_720h_fold3,patch_attention,10,0.0041081588715314865
cv_720h_fold3,patch_attention,11,0.01145255658775568
cv_720h_fold3,patch_attention,12,0.002754690358415246
cv_720h_fold3,patch_attention,13,0.0036034146323800087
cv_720h_fold3,patch_attention,14,0.007498367689549923
cv_720h_fold3,patch_attention,15,0.006259883288294077
cv_720h_fold3,patch_attention,16,0.006631525233387947
cv_720h_fold3,patch_attention,17,0.0023781228810548782
cv_720h_fold3,patch_attention,18,0.002820403315126896
cv_720h_fold3,patch_attention,19,0.003998958505690098
cv_720h_fold3,patch_attention,20,0.0027310908772051334
cv_720h_fold3,patch_attention,21,0.003978518303483725
cv_720h_fold3,patch_attention,22,0.004873198922723532
cv_720h_fold3,patch_attention,23,0.005400897469371557
cv_720h_fold3,patch_attention,24,0.004492984153330326
cv_720h_fold3,patch_attention,25,0.00504038343206048
cv_720h_fold3,patch_attention,26,0.015523416921496391
cv_720h_fold3,patch_attention,27,0.00970127061009407
cv_720h_fold3,patch_attention,28,0.006424696184694767
cv_720h_fold3,patch_attention,29,0.003799081314355135
cv_720h_fold3,patch_attention,30,0.0033713525626808405
cv_720h_fold3,patch_attention,31,0.003383361268788576
cv_720h_fold3,patch_attention,32,0.006068321876227856
cv_720h_fold3,patch_attention,33,0.005332527682185173
cv_720h_fold3,patch_attention,34,0.00474932137876749
cv_720h_fold3,patch_attention,35,0.01675058715045452
cv_720h_fold3,patch_attention,36,0.007592390291392803
cv_720h_fold3,patch_attention,37,0.003535686293616891
cv_720h_fold3,patch_attention,38,0.00291360798291862
cv_720h_fold3,patch_attention,39,0.00279682083055377
cv_720h_fold3,patch_attention,40,0.004728104919195175
cv_720h_fold3,patch_attention,41,0.002493438543751836
cv_720h_fold3,patch_attention,42,0.0025661427062004805
cv_720h_fold3,patch_attention,43,0.004557784181088209
cv_720h_fold3,patch_attention,44,0.002919821534305811
cv_720h_fold3,patch_attention,45,0.0036304916720837355
cv_720h_fold3,patch_attention,46,0.002850147895514965
cv_720h_fold3,patch_attention,47,0.002948937937617302
cv_720h_fold3,patch_attention,48,0.002671385882422328
cv_720h_fold3,patch_attention,49,0.0024327689316123724
cv_720h_fold3,patch_attention,50,0.0023512046318501234
cv_720h_fold3,patch_attention,51,0.003313586814329028
cv_720h_fold3,patch_attention,52,0.008291281759738922
cv_720h_fold3,patch_attention,53,0.003324163379147649
cv_720h_fold3,patch_attention,54,0.002883895533159375
cv_720h_fold3,patch_attention,55,0.0032136186491698027
cv_720h_fold3,patch_attention,56,0.003387853503227234
cv_720h_fold3,patch_attention,57,0.0026747523806989193
cv_720h_fold3,patch_attention,58,0.0050045945681631565
cv_720h_fold3,patch_attention,59,0.00287474668584764
cv_720h_fold3,patch_attention,60,0.009265609085559845
cv_720h_fold3,patch_attention,61,0.0026647222694009542
cv_720h_fold3,patch_attention,62,0.0029059897642582655
cv_720h_fold3,patch_attention,63,0.002498070476576686
cv_720h_fold3,patch_attention,64,0.003201385261490941
cv_720h_fold3,patch_attention,65,0.006971545517444611
cv_720h_fold3,patch_attention,66,0.008261643350124359
cv_720h_fold3,patch_attention,67,0.013072624802589417
cv_720h_fold3,patch_attention,68,0.008154043927788734
cv_720h_fold3,patch_attention,69,0.008548085577785969
cv_720h_fold3,patch_attention,70,0.006861948873847723
cv_720h_fold3,patch_attention,71,0.003376253414899111
cv_720h_fold3,patch_attention,72,0.004699575249105692
cv_720h_fold3,patch_attention,73,0.002224287949502468
cv_720h_fold3,patch_attention,74,0.0023148765321820974
cv_720h_fold3,patch_attention,75,0.003912279848009348
cv_720h_fold3,patch_attention,76,0.002849876182153821
cv_720h_fold3,patch_attention,77,0.0029419083148241043
cv_720h_fold3,patch_attention,78,0.0024152598343789577
cv_720h_fold3,patch_attention,79,0.0038852188736200333
cv_720h_fold3,patch_attention,80,0.0037074184510856867
cv_720h_fold3,patch_attention,81,0.002892439952120185
cv_720h_fold3,patch_attention,82,0.0029892155434936285
cv_720h_fold3,patch_attention,83,0.0130472956225276
cv_720h_fold3,patch_attention,84,0.0028989557176828384
cv_720h_fold3,patch_attention,85,0.0035570680629462004
cv_720h_fold3,patch_attention,86,0.0026441519148647785
cv_720h_fold3,patch_attention,87,0.003648187965154648
cv_720h_fold3,patch_attention,88,0.003171417862176895
cv_720h_fold3,patch_attention,89,0.0030491016805171967
cv_720h_fold3,patch_attention,90,0.0022191235329955816
cv_720h_fold3,patch_attention,91,0.002527123549953103
cv_720h_fold3,patch_attention,92,0.007220807485282421
cv_720h_fold3,patch_attention,93,0.00287421140819788
cv_720h_fold3,patch_attention,94,0.002384088234975934
cv_720h_fold3,patch_attention,95,0.002561071654781699
cv_720h_fold3,patch_attention,96,0.0024476235266774893
cv_720h_fold3,patch_attention,97,0.009611984714865685
cv_720h_fold3,patch_attention,98,0.0025603692047297955
cv_720h_fold3,patch_attention,99,0.0023513161577284336
cv_720h_fold3,patch_attention,100,0.002487763063982129
cv_720h_fold3,patch_attention,101,0.0024373813066631556
cv_720h_fold3,patch_attention,102,0.006052928511053324
cv_720h_fold3,patch_attention,103,0.0026675122790038586
cv_720h_fold3,patch_attention,104,0.0031043970957398415
cv_720h_fold3,patch_attention,105,0.0029564255382865667
cv_720h_fold3,patch_attention,106,0.002883706009015441
cv_720h_fold3,patch_attention,107,0.00290147727355361
cv_720h_fold3,patch_attention,108,0.002727321581915021
cv_720h_fold3,patch_attention,109,0.002697712741792202
cv_720h_fold3,patch_attention,110,0.002614188240841031
cv_720h_fold3,patch_attention,111,0.011596154421567917
cv_720h_fold3,patch_attention,112,0.002567567862570286
cv_720h_fold3,patch_attention,113,0.003017841139808297
cv_720h_fold3,patch_attention,114,0.0036857356317341328
cv_720h_fold3,patch_attention,115,0.0028808258939534426
cv_720h_fold3,patch_attention,116,0.002616490237414837
cv_720h_fold3,patch_attention,117,0.0038919856306165457
cv_720h_fold3,patch_attention,118,0.003581080585718155
cv_720h_fold3,patch_attention,119,0.005754548124969006
cv_720h_fold3,patch_attention,120,0.005575333721935749
cv_720h_fold3,patch_attention,121,0.007165247108787298
cv_720h_fold3,patch_attention,122,0.005908399820327759
cv_720h_fold3,patch_attention,123,0.005475194659084082
cv_720h_fold3,patch_attention,124,0.0029303135816007853
cv_720h_fold3,patch_attention,125,0.0032263256143778563
cv_720h_fold3,patch_attention,126,0.013112024404108524
cv_720h_fold3,patch_attention,127,0.005905271042138338
cv_720h_fold3,patch_attention,128,0.0030998794827610254
cv_720h_fold3,patch_attention,129,0.0027159240562468767
cv_720h_fold3,patch_attention,130,0.002740858355537057
cv_720h_fold3,patch_attention,131,0.003618188202381134
cv_720h_fold3,patch_attention,132,0.003714123275130987
cv_720h_fold3,patch_attention,133,0.0028191483579576015
cv_720h_fold3,patch_attention,134,0.00259867450222373
cv_720h_fold3,patch_attention,135,0.010683087632060051
cv_720h_fold3,patch_attention,136,0.009321730583906174
cv_720h_fold3,patch_attention,137,0.005141664296388626
cv_720h_fold3,patch_attention,138,0.003692996222525835
cv_720h_fold3,patch_attention,139,0.004905409645289183
cv_720h_fold3,patch_attention,140,0.01352111715823412
cv_720h_fold3,patch_attention,141,0.0052995444275438786
cv_720h_fold3,patch_attention,142,0.007119188085198402
cv_720h_fold3,patch_attention,143,0.0057726395316421986
cv_720h_fold3,patch_attention,144,0.006828355602920055
cv_720h_fold3,patch_attention,145,0.004286773968487978
cv_720h_fold3,patch_attention,146,0.003698520828038454
cv_720h_fold3,patch_attention,147,0.0035589837934821844
cv_720h_fold3,patch_attention,148,0.01361760776489973
cv_720h_fold3,patch_attention,149,0.003885991405695677
cv_720h_fold3,patch_attention,150,0.010891581885516644
cv_720h_fold3,patch_attention,151,0.0034111137501895428
cv_720h_fold3,patch_attention,152,0.003444984322413802
cv_720h_fold3,patch_attention,153,0.003415152430534363
cv_720h_fold3,patch_attention,154,0.004593046847730875
cv_720h_fold3,patch_attention,155,0.01780899614095688
cv_720h_fold3,patch_attention,156,0.005391226150095463
cv_720h_fold3,patch_attention,157,0.0033472732175141573
cv_720h_fold3,patch_attention,158,0.005810752976685762
cv_720h_fold3,patch_attention,159,0.010858699679374695
cv_720h_fold3,patch_attention,160,0.010878789238631725
cv_720h_fold3,patch_attention,161,0.010888371616601944
cv_720h_fold3,patch_attention,162,0.021548882126808167
cv_720h_fold3,patch_attention,163,0.008364011533558369
cv_720h_fold3,patch_attention,164,0.005910853389650583
cv_720h_fold3,patch_attention,165,0.00685992231592536
cv_720h_fold3,patch_attention,166,0.0041136243380606174
cv_720h_fold3,patch_attention,167,0.0032885540276765823
cv_720h_fold3,patch_attention,168,0.004949604626744986
cv_720h_fold3,patch_attention,169,0.009872308932244778
cv_720h_fold3,patch_attention,170,0.011434914544224739
cv_720h_fold3,patch_attention,171,0.005460643209517002
cv_720h_fold3,patch_attention,172,0.012506309896707535
cv_720h_fold3,patch_attention,173,0.0031461422331631184
cv_720h_fold3,patch_attention,174,0.007218897808343172
cv_720h_fold3,patch_attention,175,0.0060768090188503265
cv_720h_fold3,patch_attention,176,0.003352117957547307
cv_720h_fold3,patch_attention,177,0.004007547628134489
cv_720h_fold3,patch_attention,178,0.008461980149149895
cv_720h_fold3,patch_attention,179,0.012250264175236225
