label,importance_type,patch_index,importance
cv_24h_fold1,patch_attention_layer1,0,0.14602865278720856
cv_24h_fold1,patch_attention_layer1,1,0.2864949107170105
cv_24h_fold1,patch_attention_layer1,2,0.1576448231935501
cv_24h_fold1,patch_attention_layer1,3,0.14954403042793274
cv_24h_fold1,patch_attention_layer1,4,0.07031361013650894
cv_24h_fold1,patch_attention_layer1,5,0.18997398018836975
cv_24h_fold2,patch_attention_layer1,0,0.22148461639881134
cv_24h_fold2,patch_attention_layer1,1,0.11341144144535065
cv_24h_fold2,patch_attention_layer1,2,0.14609375596046448
cv_24h_fold2,patch_attention_layer1,3,0.22341209650039673
cv_24h_fold2,patch_attention_layer1,4,0.07194352895021439
cv_24h_fold2,patch_attention_layer1,5,0.22365455329418182
cv_24h_fold3,patch_attention_layer1,0,0.22109374403953552
cv_24h_fold3,patch_attention_layer1,1,0.14609375596046448
cv_24h_fold3,patch_attention_layer1,2,0.13893228769302368
cv_24h_fold3,patch_attention_layer1,3,0.21751302480697632
cv_24h_fold3,patch_attention_layer1,4,0.1559244841337204
cv_24h_fold3,patch_attention_layer1,5,0.1204427108168602
cv_168h_fold1,patch_attention_layer1,0,0.062243685126304626
cv_168h_fold1,patch_attention_layer1,1,0.013831684365868568
cv_168h_fold1,patch_attention_layer1,2,0.011136257089674473
cv_168h_fold1,patch_attention_layer1,3,0.018892880529165268
cv_168h_fold1,patch_attention_layer1,4,0.02219654992222786
cv_168h_fold1,patch_attention_layer1,5,0.03927695006132126
cv_168h_fold1,patch_attention_layer1,6,0.02894159033894539
cv_168h_fold1,patch_attention_layer1,7,0.006641203071922064
cv_168h_fold1,patch_attention_layer1,8,0.04201161861419678
cv_168h_fold1,patch_attention_layer1,9,0.023292824625968933
cv_168h_fold1,patch_attention_layer1,10,0.03794167935848236
cv_168h_fold1,patch_attention_layer1,11,0.001041545532643795
cv_168h_fold1,patch_attention_layer1,12,0.011432609520852566
cv_168h_fold1,patch_attention_layer1,13,0.00751724187284708
cv_168h_fold1,patch_attention_layer1,14,0.0056738643907010555
cv_168h_fold1,patch_attention_layer1,15,0.014130545780062675
cv_168h_fold1,patch_attention_layer1,16,0.0268473532050848
cv_168h_fold1,patch_attention_layer1,17,0.027639061212539673
cv_168h_fold1,patch_attention_layer1,18,0.029410172253847122
cv_168h_fold1,patch_attention_layer1,19,0.02642289735376835
cv_168h_fold1,patch_attention_layer1,20,0.02748403325676918
cv_168h_fold1,patch_attention_layer1,21,0.015593410469591618
cv_168h_fold1,patch_attention_layer1,22,0.020568128675222397
cv_168h_fold1,patch_attention_layer1,23,0.07754009962081909
cv_168h_fold1,patch_attention_layer1,24,0.040587570518255234
cv_168h_fold1,patch_attention_layer1,25,0.008592416532337666
cv_168h_fold1,patch_attention_layer1,26,0.01776232197880745
cv_168h_fold1,patch_attention_layer1,27,0.00588886346668005
cv_168h_fold1,patch_attention_layer1,28,0.020375657826662064
cv_168h_fold1,patch_attention_layer1,29,0.01582230068743229
cv_168h_fold1,patch_attention_layer1,30,0.018367717042565346
cv_168h_fold1,patch_attention_layer1,31,0.06857848912477493
cv_168h_fold1,patch_attention_layer1,32,0.020939160138368607
cv_168h_fold1,patch_attention_layer1,33,0.014031726866960526
cv_168h_fold1,patch_attention_layer1,34,0.022862033918499947
cv_168h_fold1,patch_attention_layer1,35,0.05494370684027672
cv_168h_fold1,patch_attention_layer1,36,0.02073204331099987
cv_168h_fold1,patch_attention_layer1,37,0.013305862434208393
cv_168h_fold1,patch_attention_layer1,38,0.004199694842100143
cv_168h_fold1,patch_attention_layer1,39,0.023260334506630898
cv_168h_fold1,patch_attention_layer1,40,0.00259040598757565
cv_168h_fold1,patch_attention_layer1,41,0.02945181541144848
cv_168h_fold2,patch_attention_layer1,0,0.01828138530254364
cv_168h_fold2,patch_attention_layer1,1,0.09763294458389282
cv_168h_fold2,patch_attention_layer1,2,0.02791045419871807
cv_168h_fold2,patch_attention_layer1,3,0.02230554260313511
cv_168h_fold2,patch_attention_layer1,4,0.010462086647748947
cv_168h_fold2,patch_attention_layer1,5,0.003416979219764471
cv_168h_fold2,patch_attention_layer1,6,0.03550068661570549
cv_168h_fold2,patch_attention_layer1,7,0.013204134069383144
cv_168h_fold2,patch_attention_layer1,8,0.02735075354576111
cv_168h_fold2,patch_attention_layer1,9,0.004650760907679796
cv_168h_fold2,patch_attention_layer1,10,0.03832773491740227
cv_168h_fold2,patch_attention_layer1,11,0.02988053299486637
cv_168h_fold2,patch_attention_layer1,12,0.017583517357707024
cv_168h_fold2,patch_attention_layer1,13,0.05455866456031799
cv_168h_fold2,patch_attention_layer1,14,0.014468424953520298
cv_168h_fold2,patch_attention_layer1,15,0.02323770523071289
cv_168h_fold2,patch_attention_layer1,16,0.030779456719756126
cv_168h_fold2,patch_attention_layer1,17,0.048430655151605606
cv_168h_fold2,patch_attention_layer1,18,0.008426968939602375
cv_168h_fold2,patch_attention_layer1,19,0.0052449023351073265
cv_168h_fold2,patch_attention_layer1,20,0.04385076090693474
cv_168h_fold2,patch_attention_layer1,21,0.020843300968408585
cv_168h_fold2,patch_attention_layer1,22,0.010242057032883167
cv_168h_fold2,patch_attention_layer1,23,0.07189829647541046
cv_168h_fold2,patch_attention_layer1,24,0.011489680036902428
cv_168h_fold2,patch_attention_layer1,25,0.05346185714006424
cv_168h_fold2,patch_attention_layer1,26,0.0013317798729985952
cv_168h_fold2,patch_attention_layer1,27,0.05069294944405556
cv_168h_fold2,patch_attention_layer1,28,0.025867391377687454
cv_168h_fold2,patch_attention_layer1,29,0.013440624810755253
cv_168h_fold2,patch_attention_layer1,30,0.028024619445204735
cv_168h_fold2,patch_attention_layer1,31,0.013795474544167519
cv_168h_fold2,patch_attention_layer1,32,0.0350535586476326
cv_168h_fold2,patch_attention_layer1,33,0.002487322548404336
cv_168h_fold2,patch_attention_layer1,34,0.014529170468449593
cv_168h_fold2,patch_attention_layer1,35,0.008834142237901688
cv_168h_fold2,patch_attention_layer1,36,0.013559704646468163
cv_168h_fold2,patch_attention_layer1,37,0.015339948236942291
cv_168h_fold2,patch_attention_layer1,38,0.008805044926702976
cv_168h_fold2,patch_attention_layer1,39,0.005384376272559166
cv_168h_fold2,patch_attention_layer1,40,0.0012841917341575027
cv_168h_fold2,patch_attention_layer1,41,0.018129462376236916
cv_168h_fold3,patch_attention_layer1,0,0.07189212739467621
cv_168h_fold3,patch_attention_layer1,1,0.005316624883562326
cv_168h_fold3,patch_attention_layer1,2,0.002280736807733774
cv_168h_fold3,patch_attention_layer1,3,0.0005704730865545571
cv_168h_fold3,patch_attention_layer1,4,0.0032930923625826836
cv_168h_fold3,patch_attention_layer1,5,0.06160321086645126
cv_168h_fold3,patch_attention_layer1,6,0.030437560752034187
cv_168h_fold3,patch_attention_layer1,7,0.05283329263329506
cv_168h_fold3,patch_attention_layer1,8,0.0723007395863533
cv_168h_fold3,patch_attention_layer1,9,0.08603456616401672
cv_168h_fold3,patch_attention_layer1,10,0.024043681100010872
cv_168h_fold3,patch_attention_layer1,11,0.01796879805624485
cv_168h_fold3,patch_attention_layer1,12,0.007352559361606836
cv_168h_fold3,patch_attention_layer1,13,0.010546441189944744
cv_168h_fold3,patch_attention_layer1,14,0.014589832164347172
cv_168h_fold3,patch_attention_layer1,15,0.035496149212121964
cv_168h_fold3,patch_attention_layer1,16,0.01540155615657568
cv_168h_fold3,patch_attention_layer1,17,0.024410126730799675
cv_168h_fold3,patch_attention_layer1,18,0.001208099420182407
cv_168h_fold3,patch_attention_layer1,19,0.012221351265907288
cv_168h_fold3,patch_attention_layer1,20,0.00037501321639865637
cv_168h_fold3,patch_attention_layer1,21,0.014666021801531315
cv_168h_fold3,patch_attention_layer1,22,0.014228272251784801
cv_168h_fold3,patch_attention_layer1,23,0.06315278261899948
cv_168h_fold3,patch_attention_layer1,24,0.058712199330329895
cv_168h_fold3,patch_attention_layer1,25,0.028101198375225067
cv_168h_fold3,patch_attention_layer1,26,0.0022734375670552254
cv_168h_fold3,patch_attention_layer1,27,0.06013955548405647
cv_168h_fold3,patch_attention_layer1,28,0.02930278703570366
cv_168h_fold3,patch_attention_layer1,29,0.014019430615007877
cv_168h_fold3,patch_attention_layer1,30,0.006216319743543863
cv_168h_fold3,patch_attention_layer1,31,0.02759089507162571
cv_168h_fold3,patch_attention_layer1,32,0.00024146500800270587
cv_168h_fold3,patch_attention_layer1,33,0.0008323994698002934
cv_168h_fold3,patch_attention_layer1,34,0.015222761780023575
cv_168h_fold3,patch_attention_layer1,35,0.005817307624965906
cv_168h_fold3,patch_attention_layer1,36,0.013252357952296734
cv_168h_fold3,patch_attention_layer1,37,0.008716623298823833
cv_168h_fold3,patch_attention_layer1,38,0.013577433302998543
cv_168h_fold3,patch_attention_layer1,39,0.00857846811413765
cv_168h_fold3,patch_attention_layer1,40,0.01047931145876646
cv_168h_fold3,patch_attention_layer1,41,0.05470292270183563
cv_720h_fold1,patch_attention_layer1,0,0.03673681616783142
cv_720h_fold1,patch_attention_layer1,1,0.0025807020720094442
cv_720h_fold1,patch_attention_layer1,2,0.0006925872294232249
cv_720h_fold1,patch_attention_layer1,3,0.002671562135219574
cv_720h_fold1,patch_attention_layer1,4,0.0012061375891789794
cv_720h_fold1,patch_attention_layer1,5,0.00010570251470198855
cv_720h_fold1,patch_attention_layer1,6,0.00504803704097867
cv_720h_fold1,patch_attention_layer1,7,0.000576356309466064
cv_720h_fold1,patch_attention_layer1,8,0.005124660208821297
cv_720h_fold1,patch_attention_layer1,9,7.584482955280691e-05
cv_720h_fold1,patch_attention_layer1,10,0.0007042837678454816
cv_720h_fold1,patch_attention_layer1,11,0.0006801431882195175
cv_720h_fold1,patch_attention_layer1,12,0.03380841389298439
cv_720h_fold1,patch_attention_layer1,13,0.00040712341433390975
cv_720h_fold1,patch_attention_layer1,14,0.001958246575668454
cv_720h_fold1,patch_attention_layer1,15,0.0023652538657188416
cv_720h_fold1,patch_attention_layer1,16,0.010445177555084229
cv_720h_fold1,patch_attention_layer1,17,0.004224542994052172
cv_720h_fold1,patch_attention_layer1,18,0.007113710045814514
cv_720h_fold1,patch_attention_layer1,19,0.003828619373962283
cv_720h_fold1,patch_attention_layer1,20,0.004326802212744951
cv_720h_fold1,patch_attention_layer1,21,0.004301365930587053
cv_720h_fold1,patch_attention_layer1,22,8.598264685133472e-05
cv_720h_fold1,patch_attention_layer1,23,0.00021404643484856933
cv_720h_fold1,patch_attention_layer1,24,0.00023398399935103953
cv_720h_fold1,patch_attention_layer1,25,0.025635749101638794
cv_720h_fold1,patch_attention_layer1,26,0.0009364774450659752
cv_720h_fold1,patch_attention_layer1,27,0.0004402894410304725
cv_720h_fold1,patch_attention_layer1,28,0.0033989863004535437
cv_720h_fold1,patch_attention_layer1,29,0.0031891693361103535
cv_720h_fold1,patch_attention_layer1,30,0.0012986233923584223
cv_720h_fold1,patch_attention_layer1,31,0.0035714409314095974
cv_720h_fold1,patch_attention_layer1,32,0.0051034619100391865
cv_720h_fold1,patch_attention_layer1,33,0.007208343129605055
cv_720h_fold1,patch_attention_layer1,34,0.01061701588332653
cv_720h_fold1,patch_attention_layer1,35,0.008260979317128658
cv_720h_fold1,patch_attention_layer1,36,0.009240785613656044
cv_720h_fold1,patch_attention_layer1,37,0.014745941385626793
cv_720h_fold1,patch_attention_layer1,38,0.0045679728500545025
cv_720h_fold1,patch_attention_layer1,39,0.00026403460651636124
cv_720h_fold1,patch_attention_layer1,40,4.397241809783736e-06
cv_720h_fold1,patch_attention_layer1,41,0.0010151587193831801
cv_720h_fold1,patch_attention_layer1,42,0.0005146239418536425
cv_720h_fold1,patch_attention_layer1,43,0.00048185454215854406
cv_720h_fold1,patch_attention_layer1,44,0.0006328693125396967
cv_720h_fold1,patch_attention_layer1,45,0.001736097619868815
cv_720h_fold1,patch_attention_layer1,46,0.00015019060811027884
cv_720h_fold1,patch_attention_layer1,47,0.0003868420026265085
cv_720h_fold1,patch_attention_layer1,48,6.967644003452733e-05
cv_720h_fold1,patch_attention_layer1,49,0.00062170549063012
cv_720h_fold1,patch_attention_layer1,50,0.0027630352415144444
cv_720h_fold1,patch_attention_layer1,51,0.0007411722326651216
cv_720h_fold1,patch_attention_layer1,52,0.002781904535368085
cv_720h_fold1,patch_attention_layer1,53,0.009560235776007175
cv_720h_fold1,patch_attention_layer1,54,0.00987926498055458
cv_720h_fold1,patch_attention_layer1,55,0.001831327797845006
cv_720h_fold1,patch_attention_layer1,56,0.0007997467182576656
cv_720h_fold1,patch_attention_layer1,57,0.0021344395354390144
cv_720h_fold1,patch_attention_layer1,58,0.0020040650852024555
cv_720h_fold1,patch_attention_layer1,59,0.0026169619522988796
cv_720h_fold1,patch_attention_layer1,60,0.000957975338678807
cv_720h_fold1,patch_attention_layer1,61,0.005214833188802004
cv_720h_fold1,patch_attention_layer1,62,0.00012198055628687143
cv_720h_fold1,patch_attention_layer1,63,0.0006618377519771457
cv_720h_fold1,patch_attention_layer1,64,0.00021339893282856792
cv_720h_fold1,patch_attention_layer1,65,9.791838965611532e-05
cv_720h_fold1,patch_attention_layer1,66,2.9598311812151223e-05
cv_720h_fold1,patch_attention_layer1,67,0.004226496908813715
cv_720h_fold1,patch_attention_layer1,68,0.00016172014875337481
cv_720h_fold1,patch_attention_layer1,69,0.0004950562142767012
cv_720h_fold1,patch_attention_layer1,70,0.001470421440899372
cv_720h_fold1,patch_attention_layer1,71,0.0013823640765622258
cv_720h_fold1,patch_attention_layer1,72,0.0042692930437624454
cv_720h_fold1,patch_attention_layer1,73,0.019726259633898735
cv_720h_fold1,patch_attention_layer1,74,0.009078874252736568
cv_720h_fold1,patch_attention_layer1,75,0.016315585002303123
cv_720h_fold1,patch_attention_layer1,76,0.0002383055107202381
cv_720h_fold1,patch_attention_layer1,77,0.003670984413474798
cv_720h_fold1,patch_attention_layer1,78,0.00039376295171678066
cv_720h_fold1,patch_attention_layer1,79,0.00033032515784725547
cv_720h_fold1,patch_attention_layer1,80,0.005233804229646921
cv_720h_fold1,patch_attention_layer1,81,0.014977079816162586
cv_720h_fold1,patch_attention_layer1,82,0.0018903408199548721
cv_720h_fold1,patch_attention_layer1,83,0.0020419687498360872
cv_720h_fold1,patch_attention_layer1,84,0.0008741458877921104
cv_720h_fold1,patch_attention_layer1,85,0.010546653531491756
cv_720h_fold1,patch_attention_layer1,86,0.0022641269024461508
cv_720h_fold1,patch_attention_layer1,87,0.030679984018206596
cv_720h_fold1,patch_attention_layer1,88,0.0008681660983711481
cv_720h_fold1,patch_attention_layer1,89,0.001908761914819479
cv_720h_fold1,patch_attention_layer1,90,0.0007022388163022697
cv_720h_fold1,patch_attention_layer1,91,0.017493190243840218
cv_720h_fold1,patch_attention_layer1,92,0.00849500484764576
cv_720h_fold1,patch_attention_layer1,93,0.0005867007421329618
cv_720h_fold1,patch_attention_layer1,94,4.0087299566948786e-05
cv_720h_fold1,patch_attention_layer1,95,0.006296925712376833
cv_720h_fold1,patch_attention_layer1,96,0.00015365437138825655
cv_720h_fold1,patch_attention_layer1,97,0.013512800447642803
cv_720h_fold1,patch_attention_layer1,98,0.00035205407766625285
cv_720h_fold1,patch_attention_layer1,99,0.0013204057468101382
cv_720h_fold1,patch_attention_layer1,100,0.001547430525533855
cv_720h_fold1,patch_attention_layer1,101,0.00037459394661709666
cv_720h_fold1,patch_attention_layer1,102,0.01060405746102333
cv_720h_fold1,patch_attention_layer1,103,0.04054925963282585
cv_720h_fold1,patch_attention_layer1,104,0.006192740984261036
cv_720h_fold1,patch_attention_layer1,105,0.008243190124630928
cv_720h_fold1,patch_attention_layer1,106,0.00542672211304307
cv_720h_fold1,patch_attention_layer1,107,0.012541753239929676
cv_720h_fold1,patch_attention_layer1,108,0.007309454958885908
cv_720h_fold1,patch_attention_layer1,109,0.00308414688333869
cv_720h_fold1,patch_attention_layer1,110,0.0018062284216284752
cv_720h_fold1,patch_attention_layer1,111,0.0008763739606365561
cv_720h_fold1,patch_attention_layer1,112,0.0028019321616739035
cv_720h_fold1,patch_attention_layer1,113,0.0014108006143942475
cv_720h_fold1,patch_attention_layer1,114,0.00010528475104365498
cv_720h_fold1,patch_attention_layer1,115,0.0006710583693347871
cv_720h_fold1,patch_attention_layer1,116,7.162363908719271e-05
cv_720h_fold1,patch_attention_layer1,117,0.00011244640336371958
cv_720h_fold1,patch_attention_layer1,118,0.0004973082104697824
cv_720h_fold1,patch_attention_layer1,119,0.018217528238892555
cv_720h_fold1,patch_attention_layer1,120,0.01084191631525755
cv_720h_fold1,patch_attention_layer1,121,0.00023760885233059525
cv_720h_fold1,patch_attention_layer1,122,1.6297615275107091e-06
cv_720h_fold1,patch_attention_layer1,123,0.0002483749995008111
cv_720h_fold1,patch_attention_layer1,124,0.0002967864857055247
cv_720h_fold1,patch_attention_layer1,125,0.0010535044129937887
cv_720h_fold1,patch_attention_layer1,126,0.000920643680728972
cv_720h_fold1,patch_attention_layer1,127,0.0041823317296803
cv_720h_fold1,patch_attention_layer1,128,0.004321631509810686
cv_720h_fold1,patch_attention_layer1,129,0.00031221602694131434
cv_720h_fold1,patch_attention_layer1,130,0.001049271784722805
cv_720h_fold1,patch_attention_layer1,131,0.0018338540103286505
cv_720h_fold1,patch_attention_layer1,132,0.003737004240974784
cv_720h_fold1,patch_attention_layer1,133,0.0010674806544557214
cv_720h_fold1,patch_attention_layer1,134,0.0004986987914890051
cv_720h_fold1,patch_attention_layer1,135,0.0006831853534094989
cv_720h_fold1,patch_attention_layer1,136,0.001427016337402165
cv_720h_fold1,patch_attention_layer1,137,0.0072506205178797245
cv_720h_fold1,patch_attention_layer1,138,0.0019385688938200474
cv_720h_fold1,patch_attention_layer1,139,0.01999562606215477
cv_720h_fold1,patch_attention_layer1,140,0.016399269923567772
cv_720h_fold1,patch_attention_layer1,141,0.024790911003947258
cv_720h_fold1,patch_attention_layer1,142,0.025421004742383957
cv_720h_fold1,patch_attention_layer1,143,0.02898656576871872
cv_720h_fold1,patch_attention_layer1,144,0.014941466972231865
cv_720h_fold1,patch_attention_layer1,145,0.013022181577980518
cv_720h_fold1,patch_attention_layer1,146,0.0001159418752649799
cv_720h_fold1,patch_attention_layer1,147,0.0029424778185784817
cv_720h_fold1,patch_attention_layer1,148,0.001392546109855175
cv_720h_fold1,patch_attention_layer1,149,0.0023300801403820515
cv_720h_fold1,patch_attention_layer1,150,8.870517194736749e-05
cv_720h_fold1,patch_attention_layer1,151,0.011954248882830143
cv_720h_fold1,patch_attention_layer1,152,0.016506314277648926
cv_720h_fold1,patch_attention_layer1,153,0.0007690388010814786
cv_720h_fold1,patch_attention_layer1,154,0.0010245641460642219
cv_720h_fold1,patch_attention_layer1,155,0.001415916602127254
cv_720h_fold1,patch_attention_layer1,156,0.003304652636870742
cv_720h_fold1,patch_attention_layer1,157,0.003727367613464594
cv_720h_fold1,patch_attention_layer1,158,0.004299903754144907
cv_720h_fold1,patch_attention_layer1,159,0.00872781127691269
cv_720h_fold1,patch_attention_layer1,160,0.005055609624832869
cv_720h_fold1,patch_attention_layer1,161,0.004528704099357128
cv_720h_fold1,patch_attention_layer1,162,0.002103421138599515
cv_720h_fold1,patch_attention_layer1,163,0.006130321882665157
cv_720h_fold1,patch_attention_layer1,164,0.003544310573488474
cv_720h_fold1,patch_attention_layer1,165,0.00021224722149781883
cv_720h_fold1,patch_attention_layer1,166,0.0001577447255840525
cv_720h_fold1,patch_attention_layer1,167,0.00014078494859859347
cv_720h_fold1,patch_attention_layer1,168,0.0007186521543189883
cv_720h_fold1,patch_attention_layer1,169,0.011572183109819889
cv_720h_fold1,patch_attention_layer1,170,0.003978576976805925
cv_720h_fold1,patch_attention_layer1,171,0.002293802797794342
cv_720h_fold1,patch_attention_layer1,172,0.004025208298116922
cv_720h_fold1,patch_attention_layer1,173,0.0013055045856162906
cv_720h_fold1,patch_attention_layer1,174,0.027609389275312424
cv_720h_fold1,patch_attention_layer1,175,0.0007628756575286388
cv_720h_fold1,patch_attention_layer1,176,0.007161021698266268
cv_720h_fold1,patch_attention_layer1,177,0.039296917617321014
cv_720h_fold1,patch_attention_layer1,178,0.011670407839119434
cv_720h_fold1,patch_attention_layer1,179,0.04321341589093208
cv_720h_fold2,patch_attention_layer1,0,0.005626276135444641
cv_720h_fold2,patch_attention_layer1,1,0.004158819559961557
cv_720h_fold2,patch_attention_layer1,2,0.03766394034028053
cv_720h_fold2,patch_attention_layer1,3,0.013286304660141468
cv_720h_fold2,patch_attention_layer1,4,0.027399545535445213
cv_720h_fold2,patch_attention_layer1,5,0.024714598432183266
cv_720h_fold2,patch_attention_layer1,6,0.013089132495224476
cv_720h_fold2,patch_attention_layer1,7,0.00022674381034448743
cv_720h_fold2,patch_attention_layer1,8,0.0027208963874727488
cv_720h_fold2,patch_attention_layer1,9,0.0016427406808361411
cv_720h_fold2,patch_attention_layer1,10,0.024702519178390503
cv_720h_fold2,patch_attention_layer1,11,0.00195873761549592
cv_720h_fold2,patch_attention_layer1,12,0.014641670510172844
cv_720h_fold2,patch_attention_layer1,13,0.005259788129478693
cv_720h_fold2,patch_attention_layer1,14,0.007087435573339462
cv_720h_fold2,patch_attention_layer1,15,0.0026396724861115217
cv_720h_fold2,patch_attention_layer1,16,0.0023636857513338327
cv_720h_fold2,patch_attention_layer1,17,0.001618370646610856
cv_720h_fold2,patch_attention_layer1,18,0.001553045934997499
cv_720h_fold2,patch_attention_layer1,19,0.0015182349598035216
cv_720h_fold2,patch_attention_layer1,20,0.002603385364636779
cv_720h_fold2,patch_attention_layer1,21,0.0026576791424304247
cv_720h_fold2,patch_attention_layer1,22,0.0015799745451658964
cv_720h_fold2,patch_attention_layer1,23,0.0032107923179864883
cv_720h_fold2,patch_attention_layer1,24,0.00019892293494194746
cv_720h_fold2,patch_attention_layer1,25,0.00037506490480154753
cv_720h_fold2,patch_attention_layer1,26,0.00036083540180698037
cv_720h_fold2,patch_attention_layer1,27,0.001363273011520505
cv_720h_fold2,patch_attention_layer1,28,0.003769302275031805
cv_720h_fold2,patch_attention_layer1,29,0.00371861201710999
cv_720h_fold2,patch_attention_layer1,30,0.005669477395713329
cv_720h_fold2,patch_attention_layer1,31,0.002775775268673897
cv_720h_fold2,patch_attention_layer1,32,8.793042070465162e-05
cv_720h_fold2,patch_attention_layer1,33,0.0021507248748093843
cv_720h_fold2,patch_attention_layer1,34,0.0011630982626229525
cv_720h_fold2,patch_attention_layer1,35,0.002850292483344674
cv_720h_fold2,patch_attention_layer1,36,0.001246798550710082
cv_720h_fold2,patch_attention_layer1,37,0.0019365923944860697
cv_720h_fold2,patch_attention_layer1,38,0.001583701465278864
cv_720h_fold2,patch_attention_layer1,39,6.656286859652027e-05
cv_720h_fold2,patch_attention_layer1,40,1.3964208847028203e-05
cv_720h_fold2,patch_attention_layer1,41,0.00036345719126984477
cv_720h_fold2,patch_attention_layer1,42,0.00038831206620670855
cv_720h_fold2,patch_attention_layer1,43,0.0005555060342885554
cv_720h_fold2,patch_attention_layer1,44,0.0013212841004133224
cv_720h_fold2,patch_attention_layer1,45,0.0006375037482939661
cv_720h_fold2,patch_attention_layer1,46,0.015889184549450874
cv_720h_fold2,patch_attention_layer1,47,0.006825678516179323
cv_720h_fold2,patch_attention_layer1,48,0.0025009496603161097
cv_720h_fold2,patch_attention_layer1,49,0.00024649701663292944
cv_720h_fold2,patch_attention_layer1,50,0.0009386831079609692
cv_720h_fold2,patch_attention_layer1,51,0.0006052324897609651
cv_720h_fold2,patch_attention_layer1,52,0.00034923612838611007
cv_720h_fold2,patch_attention_layer1,53,9.726612188387662e-05
cv_720h_fold2,patch_attention_layer1,54,0.021213563159108162
cv_720h_fold2,patch_attention_layer1,55,0.0030158215668052435
cv_720h_fold2,patch_attention_layer1,56,0.00451640086248517
cv_720h_fold2,patch_attention_layer1,57,0.0038514104671776295
cv_720h_fold2,patch_attention_layer1,58,0.0072193327359855175
cv_720h_fold2,patch_attention_layer1,59,0.002918159356340766
cv_720h_fold2,patch_attention_layer1,60,0.002091089030727744
cv_720h_fold2,patch_attention_layer1,61,0.005571388173848391
cv_720h_fold2,patch_attention_layer1,62,0.0015968927182257175
cv_720h_fold2,patch_attention_layer1,63,0.0032554904464632273
cv_720h_fold2,patch_attention_layer1,64,0.00311640533618629
cv_720h_fold2,patch_attention_layer1,65,0.0002388182474533096
cv_720h_fold2,patch_attention_layer1,66,0.005009851418435574
cv_720h_fold2,patch_attention_layer1,67,0.0017385710962116718
cv_720h_fold2,patch_attention_layer1,68,0.008402506820857525
cv_720h_fold2,patch_attention_layer1,69,0.001839859876781702
cv_720h_fold2,patch_attention_layer1,70,0.0020480307284742594
cv_720h_fold2,patch_attention_layer1,71,0.005607545841485262
cv_720h_fold2,patch_attention_layer1,72,0.008409472182393074
cv_720h_fold2,patch_attention_layer1,73,0.006485881749540567
cv_720h_fold2,patch_attention_layer1,74,0.008106308057904243
cv_720h_fold2,patch_attention_layer1,75,0.034620631486177444
cv_720h_fold2,patch_attention_layer1,76,0.007779153063893318
cv_720h_fold2,patch_attention_layer1,77,0.005756638944149017
cv_720h_fold2,patch_attention_layer1,78,0.006975858472287655
cv_720h_fold2,patch_attention_layer1,79,0.002152291825041175
cv_720h_fold2,patch_attention_layer1,80,0.011266326531767845
cv_720h_fold2,patch_attention_layer1,81,0.0028036090079694986
cv_720h_fold2,patch_attention_layer1,82,0.006820374168455601
cv_720h_fold2,patch_attention_layer1,83,0.005520829930901527
cv_720h_fold2,patch_attention_layer1,84,0.0025013273116201162
cv_720h_fold2,patch_attention_layer1,85,0.006789861712604761
cv_720h_fold2,patch_attention_layer1,86,0.003236922202631831
cv_720h_fold2,patch_attention_layer1,87,0.0042520430870354176
cv_720h_fold2,patch_attention_layer1,88,0.004644125234335661
cv_720h_fold2,patch_attention_layer1,89,0.0002530384808778763
cv_720h_fold2,patch_attention_layer1,90,0.000395774666685611
cv_720h_fold2,patch_attention_layer1,91,0.0010124078253284097
cv_720h_fold2,patch_attention_layer1,92,0.002251804107800126
cv_720h_fold2,patch_attention_layer1,93,0.00061338598607108
cv_720h_fold2,patch_attention_layer1,94,0.0001753930700942874
cv_720h_fold2,patch_attention_layer1,95,0.00020551620400510728
cv_720h_fold2,patch_attention_layer1,96,0.002485502976924181
cv_720h_fold2,patch_attention_layer1,97,0.0013227637391537428
cv_720h_fold2,patch_attention_layer1,98,0.0038793617859482765
cv_720h_fold2,patch_attention_layer1,99,0.007386335171759129
cv_720h_fold2,patch_attention_layer1,100,0.006763736717402935
cv_720h_fold2,patch_attention_layer1,101,0.019022617489099503
cv_720h_fold2,patch_attention_layer1,102,0.008051148615777493
cv_720h_fold2,patch_attention_layer1,103,0.00117842061445117
cv_720h_fold2,patch_attention_layer1,104,5.273025089991279e-05
cv_720h_fold2,patch_attention_layer1,105,0.002436122391372919
cv_720h_fold2,patch_attention_layer1,106,0.002433508401736617
cv_720h_fold2,patch_attention_layer1,107,0.0020956324879080057
cv_720h_fold2,patch_attention_layer1,108,0.001959635876119137
cv_720h_fold2,patch_attention_layer1,109,0.004054003860801458
cv_720h_fold2,patch_attention_layer1,110,0.0001343701733276248
cv_720h_fold2,patch_attention_layer1,111,7.18118462827988e-05
cv_720h_fold2,patch_attention_layer1,112,0.0006128647364675999
cv_720h_fold2,patch_attention_layer1,113,0.0035615223459899426
cv_720h_fold2,patch_attention_layer1,114,0.0011987044708803296
cv_720h_fold2,patch_attention_layer1,115,0.002062899759039283
cv_720h_fold2,patch_attention_layer1,116,0.004867552779614925
cv_720h_fold2,patch_attention_layer1,117,0.010916685685515404
cv_720h_fold2,patch_attention_layer1,118,0.024083226919174194
cv_720h_fold2,patch_attention_layer1,119,0.04084832966327667
cv_720h_fold2,patch_attention_layer1,120,0.031236205250024796
cv_720h_fold2,patch_attention_layer1,121,0.028724979609251022
cv_720h_fold2,patch_attention_layer1,122,0.011444183066487312
cv_720h_fold2,patch_attention_layer1,123,0.0038237140979617834
cv_720h_fold2,patch_attention_layer1,124,0.0077340551652014256
cv_720h_fold2,patch_attention_layer1,125,0.0010127431014552712
cv_720h_fold2,patch_attention_layer1,126,3.810946145677008e-05
cv_720h_fold2,patch_attention_layer1,127,0.002268971176818013
cv_720h_fold2,patch_attention_layer1,128,1.3882299754186533e-05
cv_720h_fold2,patch_attention_layer1,129,1.574293150952144e-06
cv_720h_fold2,patch_attention_layer1,130,0.0001343840704066679
cv_720h_fold2,patch_attention_layer1,131,1.4241877642484635e-11
cv_720h_fold2,patch_attention_layer1,132,0.0018749295268207788
cv_720h_fold2,patch_attention_layer1,133,0.00011907081352546811
cv_720h_fold2,patch_attention_layer1,134,0.0022403686307370663
cv_720h_fold2,patch_attention_layer1,135,0.00018751317111309618
cv_720h_fold2,patch_attention_layer1,136,0.0112773971632123
cv_720h_fold2,patch_attention_layer1,137,0.0016120653599500656
cv_720h_fold2,patch_attention_layer1,138,0.00012085646449122578
cv_720h_fold2,patch_attention_layer1,139,0.0005359984352253377
cv_720h_fold2,patch_attention_layer1,140,0.0030790232121944427
cv_720h_fold2,patch_attention_layer1,141,0.00036200598697178066
cv_720h_fold2,patch_attention_layer1,142,0.003467370057478547
cv_720h_fold2,patch_attention_layer1,143,0.002243053400889039
cv_720h_fold2,patch_attention_layer1,144,0.004210878629237413
cv_720h_fold2,patch_attention_layer1,145,0.002311649266630411
cv_720h_fold2,patch_attention_layer1,146,0.02405397780239582
cv_720h_fold2,patch_attention_layer1,147,0.00763720041140914
cv_720h_fold2,patch_attention_layer1,148,8.704648280399852e-06
cv_720h_fold2,patch_attention_layer1,149,0.012242214754223824
cv_720h_fold2,patch_attention_layer1,150,0.00278084771707654
cv_720h_fold2,patch_attention_layer1,151,0.0027933893725275993
cv_720h_fold2,patch_attention_layer1,152,0.0011708270758390427
cv_720h_fold2,patch_attention_layer1,153,0.008257226087152958
cv_720h_fold2,patch_attention_layer1,154,0.0003999779873993248
cv_720h_fold2,patch_attention_layer1,155,0.00837977696210146
cv_720h_fold2,patch_attention_layer1,156,0.0068706367164850235
cv_720h_fold2,patch_attention_layer1,157,0.00018751910829450935
cv_720h_fold2,patch_attention_layer1,158,0.011649522930383682
cv_720h_fold2,patch_attention_layer1,159,0.0008484131540171802
cv_720h_fold2,patch_attention_layer1,160,0.0012084629852324724
cv_720h_fold2,patch_attention_layer1,161,0.004482588265091181
cv_720h_fold2,patch_attention_layer1,162,0.00034070416586473584
cv_720h_fold2,patch_attention_layer1,163,0.0067572519183158875
cv_720h_fold2,patch_attention_layer1,164,0.0013787277275696397
cv_720h_fold2,patch_attention_layer1,165,0.007048492319881916
cv_720h_fold2,patch_attention_layer1,166,0.003909553866833448
cv_720h_fold2,patch_attention_layer1,167,0.0031290233600884676
cv_720h_fold2,patch_attention_layer1,168,0.00041741723543964326
cv_720h_fold2,patch_attention_layer1,169,0.007135922089219093
cv_720h_fold2,patch_attention_layer1,170,0.006622768007218838
cv_720h_fold2,patch_attention_layer1,171,0.013260086067020893
cv_720h_fold2,patch_attention_layer1,172,0.006082597654312849
cv_720h_fold2,patch_attention_layer1,173,0.00605036411434412
cv_720h_fold2,patch_attention_layer1,174,0.019823260605335236
cv_720h_fold2,patch_attention_layer1,175,0.00532540213316679
cv_720h_fold2,patch_attention_layer1,176,0.0008193518151529133
cv_720h_fold2,patch_attention_layer1,177,0.013220067135989666
cv_720h_fold2,patch_attention_layer1,178,0.018561094999313354
cv_720h_fold2,patch_attention_layer1,179,0.03533834218978882
cv_720h_fold3,patch_attention_layer1,0,0.0006620369968004525
cv_720h_fold3,patch_attention_layer1,1,0.0006422086153179407
cv_720h_fold3,patch_attention_layer1,2,0.010642033070325851
cv_720h_fold3,patch_attention_layer1,3,0.022506294772028923
cv_720h_fold3,patch_attention_layer1,4,0.01106951106339693
cv_720h_fold3,patch_attention_layer1,5,0.023300526663661003
cv_720h_fold3,patch_attention_layer1,6,0.022055892273783684
cv_720h_fold3,patch_attention_layer1,7,0.04553188011050224
cv_720h_fold3,patch_attention_layer1,8,0.023454634472727776
cv_720h_fold3,patch_attention_layer1,9,0.018753094598650932
cv_720h_fold3,patch_attention_layer1,10,0.009433723986148834
cv_720h_fold3,patch_attention_layer1,11,0.011673850007355213
cv_720h_fold3,patch_attention_layer1,12,0.002866805763915181
cv_720h_fold3,patch_attention_layer1,13,0.007404928561300039
cv_720h_fold3,patch_attention_layer1,14,0.0006742009427398443
cv_720h_fold3,patch_attention_layer1,15,0.00032811379060149193
cv_720h_fold3,patch_attention_layer1,16,0.0006430569337680936
cv_720h_fold3,patch_attention_layer1,17,0.0006126798689365387
cv_720h_fold3,patch_attention_layer1,18,0.0027871436905115843
cv_720h_fold3,patch_attention_layer1,19,0.0005869984161108732
cv_720h_fold3,patch_attention_layer1,20,0.0009554416756145656
cv_720h_fold3,patch_attention_layer1,21,0.006968868430703878
cv_720h_fold3,patch_attention_layer1,22,0.002784112934023142
cv_720h_fold3,patch_attention_layer1,23,0.007389428559690714
cv_720h_fold3,patch_attention_layer1,24,0.007293094415217638
cv_720h_fold3,patch_attention_layer1,25,0.0060253445990383625
cv_720h_fold3,patch_attention_layer1,26,0.01661764644086361
cv_720h_fold3,patch_attention_layer1,27,0.005284713581204414
cv_720h_fold3,patch_attention_layer1,28,0.018641037866473198
cv_720h_fold3,patch_attention_layer1,29,0.0035423417575657368
cv_720h_fold3,patch_attention_layer1,30,0.0024964804761111736
cv_720h_fold3,patch_attention_layer1,31,0.0048256684094667435
cv_720h_fold3,patch_attention_layer1,32,0.003727744799107313
cv_720h_fold3,patch_attention_layer1,33,0.0028885682113468647
cv_720h_fold3,patch_attention_layer1,34,0.005307931452989578
cv_720h_fold3,patch_attention_layer1,35,0.015002266503870487
cv_720h_fold3,patch_attention_layer1,36,0.004307094030082226
cv_720h_fold3,patch_attention_layer1,37,0.003554880851879716
cv_720h_fold3,patch_attention_layer1,38,0.004387157969176769
cv_720h_fold3,patch_attention_layer1,39,0.008134403266012669
cv_720h_fold3,patch_attention_layer1,40,0.0013263587607070804
cv_720h_fold3,patch_attention_layer1,41,0.0025811530649662018
cv_720h_fold3,patch_attention_layer1,42,0.003901721676811576
cv_720h_fold3,patch_attention_layer1,43,0.002113759284839034
cv_720h_fold3,patch_attention_layer1,44,0.0008262242190539837
cv_720h_fold3,patch_attention_layer1,45,0.004931229166686535
cv_720h_fold3,patch_attention_layer1,46,0.02058153599500656
cv_720h_fold3,patch_attention_layer1,47,0.0008835724438540637
cv_720h_fold3,patch_attention_layer1,48,0.0003394691739231348
cv_720h_fold3,patch_attention_layer1,49,0.003560295794159174
cv_720h_fold3,patch_attention_layer1,50,0.012922165915369987
cv_720h_fold3,patch_attention_layer1,51,0.003961633425205946
cv_720h_fold3,patch_attention_layer1,52,0.010474863462150097
cv_720h_fold3,patch_attention_layer1,53,0.0013808452058583498
cv_720h_fold3,patch_attention_layer1,54,9.632550791138783e-05
cv_720h_fold3,patch_attention_layer1,55,0.001197573496028781
cv_720h_fold3,patch_attention_layer1,56,0.0017663313774392009
cv_720h_fold3,patch_attention_layer1,57,0.0032653147354722023
cv_720h_fold3,patch_attention_layer1,58,0.014688714407384396
cv_720h_fold3,patch_attention_layer1,59,0.001153790857642889
cv_720h_fold3,patch_attention_layer1,60,0.007353353314101696
cv_720h_fold3,patch_attention_layer1,61,0.005507326684892178
cv_720h_fold3,patch_attention_layer1,62,0.0018517501885071397
cv_720h_fold3,patch_attention_layer1,63,0.0033089234493672848
cv_720h_fold3,patch_attention_layer1,64,0.0029787151142954826
cv_720h_fold3,patch_attention_layer1,65,0.004181525204330683
cv_720h_fold3,patch_attention_layer1,66,0.020027311518788338
cv_720h_fold3,patch_attention_layer1,67,0.014052998274564743
cv_720h_fold3,patch_attention_layer1,68,0.008127909153699875
cv_720h_fold3,patch_attention_layer1,69,0.008147195912897587
cv_720h_fold3,patch_attention_layer1,70,0.007689419202506542
cv_720h_fold3,patch_attention_layer1,71,0.00556308776140213
cv_720h_fold3,patch_attention_layer1,72,0.0007009059772826731
cv_720h_fold3,patch_attention_layer1,73,0.0005246571963652968
cv_720h_fold3,patch_attention_layer1,74,0.007084281649440527
cv_720h_fold3,patch_attention_layer1,75,0.0026256213895976543
cv_720h_fold3,patch_attention_layer1,76,0.00018166686641052365
cv_720h_fold3,patch_attention_layer1,77,0.014211947098374367
cv_720h_fold3,patch_attention_layer1,78,2.712736932153348e-05
cv_720h_fold3,patch_attention_layer1,79,0.000983371865004301
cv_720h_fold3,patch_attention_layer1,80,0.006082762032747269
cv_720h_fold3,patch_attention_layer1,81,0.001557722920551896
cv_720h_fold3,patch_attention_layer1,82,0.00591618474572897
cv_720h_fold3,patch_attention_layer1,83,0.0019941553473472595
cv_720h_fold3,patch_attention_layer1,84,0.001741925603710115
cv_720h_fold3,patch_attention_layer1,85,0.004923831671476364
cv_720h_fold3,patch_attention_layer1,86,0.0008399808430112898
cv_720h_fold3,patch_attention_layer1,87,0.001036316272802651
cv_720h_fold3,patch_attention_layer1,88,0.0001976568892132491
cv_720h_fold3,patch_attention_layer1,89,0.0007071896106936038
cv_720h_fold3,patch_attention_layer1,90,0.00011128582991659641
cv_720h_fold3,patch_attention_layer1,91,0.0004288103082217276
cv_720h_fold3,patch_attention_layer1,92,0.029866499826312065
cv_720h_fold3,patch_attention_layer1,93,0.0022722668945789337
cv_720h_fold3,patch_attention_layer1,94,3.373548315721564e-05
cv_720h_fold3,patch_attention_layer1,95,0.0007682540453970432
cv_720h_fold3,patch_attention_layer1,96,0.001496439683251083
cv_720h_fold3,patch_attention_layer1,97,0.00019302719738334417
cv_720h_fold3,patch_attention_layer1,98,0.006598141044378281
cv_720h_fold3,patch_attention_layer1,99,0.002304465975612402
cv_720h_fold3,patch_attention_layer1,100,1.6932652215473354e-05
cv_720h_fold3,patch_attention_layer1,101,0.0031182013917714357
cv_720h_fold3,patch_attention_layer1,102,0.00011516901577124372
cv_720h_fold3,patch_attention_layer1,103,0.002356769982725382
cv_720h_fold3,patch_attention_layer1,104,0.00014154335076455027
cv_720h_fold3,patch_attention_layer1,105,0.000922430248465389
cv_720h_fold3,patch_attention_layer1,106,0.00032515948987565935
cv_720h_fold3,patch_attention_layer1,107,0.00039890658808872104
cv_720h_fold3,patch_attention_layer1,108,0.002059372840449214
cv_720h_fold3,patch_attention_layer1,109,0.0012047069612890482
cv_720h_fold3,patch_attention_layer1,110,0.001334246015176177
cv_720h_fold3,patch_attention_layer1,111,0.0004408827517181635
cv_720h_fold3,patch_attention_layer1,112,0.0003642694209702313
cv_720h_fold3,patch_attention_layer1,113,0.0004007781099062413
cv_720h_fold3,patch_attention_layer1,114,0.002000661101192236
cv_720h_fold3,patch_attention_layer1,115,0.00015622559294570237
cv_720h_fold3,patch_attention_layer1,116,0.0006105743232183158
cv_720h_fold3,patch_attention_layer1,117,0.0006079113227315247
cv_720h_fold3,patch_attention_layer1,118,0.024272959679365158
cv_720h_fold3,patch_attention_layer1,119,0.0053617218509316444
cv_720h_fold3,patch_attention_layer1,120,0.003188031492754817
cv_720h_fold3,patch_attention_layer1,121,0.004202776122838259
cv_720h_fold3,patch_attention_layer1,122,0.0014587112236768007
cv_720h_fold3,patch_attention_layer1,123,0.0004816467990167439
cv_720h_fold3,patch_attention_layer1,124,0.0018364775460213423
cv_720h_fold3,patch_attention_layer1,125,0.0006342361448332667
cv_720h_fold3,patch_attention_layer1,126,0.0006745185237377882
cv_720h_fold3,patch_attention_layer1,127,2.100894198520109e-05
cv_720h_fold3,patch_attention_layer1,128,0.0001400179899064824
cv_720h_fold3,patch_attention_layer1,129,0.0015163427451625466
cv_720h_fold3,patch_attention_layer1,130,0.0009520014864392579
cv_720h_fold3,patch_attention_layer1,131,0.000670914479997009
cv_720h_fold3,patch_attention_layer1,132,0.001503916340880096
cv_720h_fold3,patch_attention_layer1,133,0.00421206746250391
cv_720h_fold3,patch_attention_layer1,134,0.0015995217254385352
cv_720h_fold3,patch_attention_layer1,135,0.00035747623769566417
cv_720h_fold3,patch_attention_layer1,136,0.001705013681203127
cv_720h_fold3,patch_attention_layer1,137,0.003452501492574811
cv_720h_fold3,patch_attention_layer1,138,0.002884037559852004
cv_720h_fold3,patch_attention_layer1,139,0.0005352328880690038
cv_720h_fold3,patch_attention_layer1,140,0.005130288656800985
cv_720h_fold3,patch_attention_layer1,141,0.001009741215966642
cv_720h_fold3,patch_attention_layer1,142,0.0022602600511163473
cv_720h_fold3,patch_attention_layer1,143,0.006304009351879358
cv_720h_fold3,patch_attention_layer1,144,0.001368802273645997
cv_720h_fold3,patch_attention_layer1,145,0.011979186907410622
cv_720h_fold3,patch_attention_layer1,146,0.0057456353679299355
cv_720h_fold3,patch_attention_layer1,147,0.014683138579130173
cv_720h_fold3,patch_attention_layer1,148,0.00030694599263370037
cv_720h_fold3,patch_attention_layer1,149,0.006960556376725435
cv_720h_fold3,patch_attention_layer1,150,0.011016772128641605
cv_720h_fold3,patch_attention_layer1,151,0.002690617460757494
cv_720h_fold3,patch_attention_layer1,152,0.0008342885412275791
cv_720h_fold3,patch_attention_layer1,153,0.007153030950576067
cv_720h_fold3,patch_attention_layer1,154,0.002333554206416011
cv_720h_fold3,patch_attention_layer1,155,0.0003248963621445
cv_720h_fold3,patch_attention_layer1,156,0.00015734411135781556
cv_720h_fold3,patch_attention_layer1,157,0.003461743937805295
cv_720h_fold3,patch_attention_layer1,158,4.363797779660672e-05
cv_720h_fold3,patch_attention_layer1,159,0.02775268629193306
cv_720h_fold3,patch_attention_layer1,160,0.014005318284034729
cv_720h_fold3,patch_attention_layer1,161,0.031236300244927406
cv_720h_fold3,patch_attention_layer1,162,0.011745383962988853
cv_720h_fold3,patch_attention_layer1,163,0.008201474323868752
cv_720h_fold3,patch_attention_layer1,164,0.004098778124898672
cv_720h_fold3,patch_attention_layer1,165,0.006135645322501659
cv_720h_fold3,patch_attention_layer1,166,0.009294724091887474
cv_720h_fold3,patch_attention_layer1,167,0.004192869178950787
cv_720h_fold3,patch_attention_layer1,168,0.00469588628038764
cv_720h_fold3,patch_attention_layer1,169,0.005110105965286493
cv_720h_fold3,patch_attention_layer1,170,0.005865410901606083
cv_720h_fold3,patch_attention_layer1,171,0.006895147264003754
cv_720h_fold3,patch_attention_layer1,172,0.004190514795482159
cv_720h_fold3,patch_attention_layer1,173,0.003998019732534885
cv_720h_fold3,patch_attention_layer1,174,0.023767931386828423
cv_720h_fold3,patch_attention_layer1,175,0.004470137879252434
cv_720h_fold3,patch_attention_layer1,176,0.004205223638564348
cv_720h_fold3,patch_attention_layer1,177,0.0040319073013961315
cv_720h_fold3,patch_attention_layer1,178,0.0027999093290418386
cv_720h_fold3,patch_attention_layer1,179,0.02938983403146267
